Sensory Delay,TTK
0,284.9002849002849
-2,278.5515320334262
-5,281.6901408450704
-10,281.6901408450704
-20,285.7142857142857

