Sensory Delay,TTK
0,6.15925925925926
-2,6.1000000000000005
-5,6.25
-10,5.425000000000001
-20,6.050000000000001
