Sensory Delay,TTK
0,90.09009009009009
-2,85.47008547008546
-5,82.45563489342011
-10,87.71929824561403
-20,91.09009009009009
-30,93.0159819990122
-50,98.45569221123
