Sensory Delay,TTK
0,3.9682539682539684
0.1,3.90625
0.15,3.846153846153846
0.25,3.90625
