Sensory Delay,TTK
0,5.319148936170213
0.1,4.901960784313726
0.15,4.8543689320388355
0.25,4.8076923076923075
