Sensory Delay,TTK
0,3.9682539682539684
0.25,3.90625
0.5,4.201680672268908
1,4.716981132075472
1.5,5.74712643678161
